nom_partenaire;pays;adresse;lat long;latitude;longitude;site_web;langue_des_cours;S8_total_places;S8_MM;S8_MC;S8_MMT;S8_SNI;S8_BAT;S8_EIT;S8_IDU;S8_ESB;S8_AM;S9_total_places;S9_MM;S9_MC;S9_MMT;S9_SNI;S9_BAT;S9_EIT;S9_IDU;S9_ESB;S9_AM;important;note_min;commentaire;criteres_academiques;integration_et_vie_sociale;logement_et_vie_quotidienne;organisation_et_demarches;experience_globale;code;type
Fachhochschule Aachen;Allemagne;Bayernallee 11,  52066 Aachen;50.75567150753751, 6.09622893377876;50.75567150753751;6.09622893377876;https://www.fh-aachen.de/en/;Allemand, Anglais;3;2;0;2;3;3;3;3;1;3;7;4;0;4;4;3;3;4;3;4;Oui;;;;;;;;DE-FA;ERASMUS
Fachhochschule Heilbronn;Allemagne;Max-Planck-Straße 39, Heilbronn;49.121966487590214, 9.211412897468907;49.121966487590214;9.211412897468907;https://www.hs-heilbronn.de/en;Allemand, Anglais;2;2;2;2;2;0;0;0;0;2;2;2;2;2;2;0;0;0;0;2;Non;;;;;;;;DE-FH;ERASMUS
Hochschule Kaiserslautern;Allemagne;Schoenstraße 11,  67659 Kaiserslautern;49.44720477692418, 7.7598041644074;49.44720477692418;7.7598041644074;https://www.hs-kl.de/en/;Allemand, Anglais;6;6;6;6;6;0;0;0;0;6;6;6;6;6;6;0;0;0;0;6;Oui;;;;;;;;DE-HK;ERASMUS
TU Bergakademie Freiberg;Allemagne;Akademiestraße 6, 09599 Freiberg;50.91824861961819, 13.340845311040631;50.91824861961819;13.340845311040631;https://tu-freiberg.de/en;Allemand, Anglais;1;1;1;1;0;0;0;0;0;1;1;1;1;1;0;0;0;0;0;1;Non;;;;;;;;DE-TBF;ERASMUS
Hochschule Magdeburg-Stendal;Allemagne;Postfach 36 55, 39011 Magdeburg;52.14186192851584, 11.67585809336348;52.14186192851584;11.67585809336348;https://www.h2.de/no_cache/en/;Allemand  ;1;0;0;0;0;1;1;0;0;0;1;0;0;0;0;1;1;0;0;0;Non;;;;;;;;DE-HM;ERASMUS
TU Braunschweig Carolo Wilhelmina;Allemagne;Universitätsplatz 2, 38106 Braunschweig;52.27359588021982, 10.530171860293848;52.27359588021982;10.530171860293848;https://www.tu-braunschweig.de/en/;Allemand;0;0;0;0;0;0;0;0;0;0;4;2;2;2;2;0;2;2;0;2;Non;;;;;;;;DE-TBCW;ERASMUS
Universität Stuttgart;Allemagne;Postfach 10 60 37, 70049 Stuttgart;48.74145156917763, 9.098760649145166;48.74145156917763;9.098760649145166;https://www.uni-stuttgart.de/en/;Allemand, Anglais;3;0;0;0;0;0;3;0;0;0;3;0;0;0;0;0;3;0;0;0;Oui;;;;;;;;DE-US;ERASMUS
Universidad Nacional de San Juan;Argentine;396 Este San Juan;-31.532970434514837, -68.53954933029299;-31.532970434514837;-68.53954933029299;https://www.unsj.edu.ar/en/home;Espagnol;6;3;3;3;3;3;0;3;3;3;6;3;3;3;3;3;0;3;3;3;Oui;;;;;;;;AR-UNSJ;Bilateral
Universidad Nacional de La Plata (UNLP);Argentine;Av. 7 N° 776, La Plata (CP 1900), Buenos Aires;-34.913195647238624, -57.95054805147781;-34.913195647238624;-57.95054805147781;https://unlp.edu.ar/;Espagnol;3;1;1;1;3;2;0;0;3;1;6;3;3;3;3;3;0;0;3;3;Oui;;;;;;;;AR-UNLP;Bilateral
Universidad Nacional de Cuyo;Argentine;Centro Universitario, Ciudad de Mendoza, Provincia de Mendoza;-32.88057880173254, -68.87711686716663;-32.88057880173254;-68.87711686716663;https://www.uncuyo.edu.ar/ingles;Espagnol;4;3;3;3;3;1;0;3;1;3;6;3;3;3;3;3;0;3;3;3;Oui;;;;;;;;AR-UNDC;Bilateral
Fachhochschule Technikum Wien;Autriche;Höchstädtplatz 6, 1200 Wien;48.23939025562806, 16.37816094662289;48.23939025562806;16.37816094662289;https://www.technikum-wien.at/en/;Allemand, Anglais;3;3;0;3;0;3;3;0;3;3;6;6;0;6;0;6;6;0;6;6;Oui;;;;;;;;AT-FTW;ERASMUS
Haute Ecole de la communauté française en Hainaut;Belgique;4 rue Pierre-Joseph Duménil, 7000 Mons;50.46001058437782, 3.957373317883744;50.46001058437782;3.957373317883744;https://www.heh.be/;Français;2;0;0;0;0;2;0;0;0;0;3;0;0;0;0;3;0;0;0;0;Oui;;;;;;;;BE-HECFH;ERASMUS
Université de Liège;Belgique;Place du 20-Août, 7 - 4000 Liège;50.6409634516383, 5.576498379803228;50.6409634516383;5.576498379803228;https://www.uliege.be/cms/c_8699436/fr/uliege;Français;2;2;2;2;2;0;0;2;0;2;3;3;3;3;3;0;0;3;0;3;Oui;13;;;;;;;BE-UDL;ERASMUS
Haute Ecole de la province de Liège;Belgique;Quai des Carmes 45, 4101 Seraing;50.61873212932846, 5.515555454667557;50.61873212932846;5.515555454667557;https://www.hepl.be/fr;Français;5;0;0;0;3;1;1;1;1;0;5;3;0;0;3;1;1;1;1;0;Oui;;;;;;;;BE-HEPL;ERASMUS
Universidade Federal Fluminense - DD;Brésil;Reitoria da UFF – Rua Miguel de Frias, 9, Icaraí. Niterói;-22.902969990616985, -43.11581777489041;-22.902969990616985;-43.11581777489041;https://www.uff.br/;Portugais;6;2;2;2;2;2;2;2;2;2;6;2;2;2;2;2;2;2;2;2;Oui;;;;;;;;BR-UFF-DD;Bilateral
Universidade Federal Fluminense ;Brésil;Reitoria da UFF – Rua Miguel de Frias, 9, Icaraí. Niterói;-22.902969990616985, -43.11581777489041;-22.902969990616985;-43.11581777489041;https://www.uff.br/;Portugais;6;3;3;3;3;3;3;3;3;3;6;3;3;3;3;3;3;3;3;3;Oui;;;;;;;;BR-UFF;Bilateral
Universidade Federal de Viçosa;Brésil;Av. Peter Henry Rolfs, s/n, Campus Universitário, 36570-900 Viçosa/MG;-20.760832601443873, -42.869774463305546;-20.760832601443873;-42.869774463305546;https://www.ufv.br/;Portugais;6;3;3;3;3;3;3;3;3;3;6;3;3;3;3;3;3;3;3;3;Non;;;;;;;;BR-UFV;Bilateral
Florianopolis : Universidade Federal de Santa Catarina;Brésil;Campus Universitário Reitor João David Ferreira Lima Trindade – Florianópolis – SC;-27.32392006870864, -48.03862516469143;-27.32392006870864;-48.03862516469143;https://en.ufsc.br/;Portugais;6;3;3;3;3;3;3;0;3;3;6;3;3;3;3;3;3;0;3;3;Oui;;;;;;;;BR-UFSC;Bilateral
Universidade Federal de Rio de Janeiro (UFRJ);Brésil;Avenida Aluízio da Silva Gomes, 50 – Bairro da Glória, Macaé – RJ;-22.845186952992975, -43.27921368580482;-22.845186952992975;-43.27921368580482;https://portal.macae.ufrj.br/en/instituto-politecnico-celebra-a-colacao-de-grau-oficial-dos-egressos-dos-cursos-de-engenharias/;Portugais;3;3;3;3;3;3;3;3;3;3;3;3;3;3;3;3;3;3;3;3;Oui;;;;;;;;BR-UFRJ;Bilateral
Faculdade de Tecnologia Senai Cimatec;Brésil;Av. Orlando Gomes, 1845 - Piatã, Salvador - BA;-12.93826959710035, -38.386805409504895;-12.93826959710035;-38.386805409504895;https://www.senaicimatec.com.br/en/;Portugais;3;3;0;3;3;3;0;0;0;3;3;3;0;3;3;3;0;0;0;3;Non;;;;;;;;BR-FTSC;Bilateral
Université de Sherbrooke - Faculté des Sciences - DD;Canada;2500, boul. de l'Université, Sherbrooke;45.38109498848685, -71.9264555990219;45.38109498848685;-71.9264555990219;https://www.usherbrooke.ca/sciences/;Français;0;0;0;0;0;0;0;0;0;0;5;0;0;0;0;0;0;5;0;0;Oui;12;;;;;;;CA-UDS-FS;Bilateral
Université de Sherbrooke - Faculté de Génie - DD;Canada;2500, boul. de l'Université, Sherbrooke;45.377997687785424, -71.92886958707565;45.377997687785424;-71.92886958707565;https://www.usherbrooke.ca/genie/;Français;0;0;0;0;0;0;0;0;0;0;6;5;5;5;5;5;5;0;0;0;Oui;12;;;;;;;CA-UDSF-FG;Bilateral
Université de Sherbrooke;Canada;2500, boul. de l'Université, Sherbrooke;45.377997687785424, -71.92886958707565;45.377997687785424;-71.92886958707565;https://www.usherbrooke.ca/genie/;Français;0;0;0;0;0;0;0;0;0;0;9;3;3;3;3;3;3;0;3;3;Oui;11;;;;;;;CA-UDS;Bilateral
Université du Québec à Chicoutimi;Canada;555, boulevard de l’Université, Chicoutimi (Québec);48.41782518465839, -71.0514362956979;48.41782518465839;-71.0514362956979;https://www.uqac.ca/;Français;0;0;0;0;0;0;0;0;0;0;1;1;1;1;1;1;1;1;1;1;Oui;11;;;;;;;CA-UQAC;Bilateral
Université du Québec à Chicoutimi - DD;Canada;555, boulevard de l’Université, Chicoutimi (Québec);48.41782518465839, -71.0514362956979;48.41782518465839;-71.0514362956979;https://www.uqac.ca/;Français;0;0;0;0;0;0;0;0;0;0;6;3;3;3;3;3;3;3;0;0;Oui;12;;;;;;;CA-UQAC-DD;Bilateral
Ecole de Technologie Supérieure (ETS);Canada;1100, rue Notre-Dame Ouest (angle Peel au sud), Montréal (Qc) ;45.49494390105796, -73.56185380507266;45.49494390105796;-73.56185380507266;https://www.etsmtl.ca/;Français;0;0;0;0;0;0;0;0;0;0;3;1;1;1;1;1;1;1;1;1;Oui;11;;;;;;;CA-ETS;Bilateral
Ecole de Technologie Supérieure (ETS) - DD Maîtrise en sciences appliquées avec mémoire;Canada;1100, rue Notre-Dame Ouest (angle Peel au sud), Montréal (Qc) ;45.49494390105796, -73.56185380507266;45.49494390105796;-73.56185380507266;https://www.etsmtl.ca/;Français;0;0;0;0;0;0;0;0;0;0;5;5;5;5;5;5;5;5;0;0;Oui;12;;;;;;;CA-EDTS-DDM;Bilateral
Ecole de Technologie Supérieure (ETS) - DD en ingénierie avec projet;Canada;1100, rue Notre-Dame Ouest (angle Peel au sud), Montréal (Qc) ;45.49494390105796, -73.56185380507266;45.49494390105796;-73.56185380507266;https://www.etsmtl.ca/;Français;0;0;0;0;0;0;0;0;0;0;5;5;5;5;5;5;5;5;0;0;Oui;12;;;;;;;CA-EDTS-DDP;Bilateral
University of Seoul;Corée du Sud;163 Seoulsiripdaero, Dongdaemun-gu, Seoul;37.58404421778473, 127.05924916579656;37.58404421778473;127.05924916579656;https://www.uos.ac.kr/eng/web/main;Anglais;0;0;0;0;0;0;0;0;0;0;1;1;1;1;1;1;0;1;1;1;Non;;;;;;;;CA-BCI;Bilateral
Syddansk Universitet;Danemark;University of Southern Denmark, Campusvej 55 Odense;55.386755126450524, 10.369315233744775;55.386755126450524;10.369315233744775;https://www.sdu.dk/en;Anglais;2;2;2;2;2;0;2;2;0;2;3;3;3;3;3;0;3;3;0;3;Oui;12;;;;;;;KR-UOS;Bilateral
Escuela Tecnica Superior de Ingeniera Informatica/Universidad de Sevilla;Espagne;Avda. Reina Mercedes s/n, 41012 Sevilla;37.358344718292585, -5.988160528893913;37.358344718292585;-5.988160528893913;https://www.informatica.us.es/;Espagnol, Anglais;4;0;0;0;4;0;0;4;0;0;4;0;0;0;4;0;0;4;0;0;Oui;;;;;;;;DK-SU;ERASMUS
Escuela Tecnica Superior de Ingeniera (ETSI)/Universidad Sevilla;Espagne;"Camino de los Descubrimientos, s/n
Isla de la Cartuja, 41092 Seville";37.35837882980243, -5.986465372838393;37.35837882980243;-5.986465372838393;https://etsi.us.es/;Espagnol;2;2;2;2;2;0;0;0;0;2;4;2;2;2;2;0;0;0;0;2;Oui;13;;;;;;;ES-ETSI;ERASMUS
Universidad Santiago de Compostela;Espagne;Praza do Obradoiro, 0, 15705 Santiago de Compostela, A Coruña,;42.87953076234049, -8.544624040102152;42.87953076234049;-8.544624040102152;https://www.usc.gal/gl;Espagnol;2;0;0;0;0;2;0;0;2;0;2;0;0;0;0;2;0;0;2;0;Non;;;;;;;;ES-ETSI-02;ERASMUS
Escuela Tecnica Superior de Ingenierios Informaticos - UPM;Espagne;Campus de Montegancedo, 28660 Boadilla del Monte (Madrid) ;40.405173267476634, -3.8388430862242635;40.405173267476634;-3.8388430862242635;https://www.etsiinf.upm.es/;Espagnol;3;0;0;0;3;0;0;3;0;0;3;0;0;0;3;0;0;3;0;0;Oui;;;;;;;;ES-USDC;ERASMUS
Escuela Tecnica Superior de Edificacion - UPM;Espagne;Avenida Juan de Herrera 6 Madrid;40.4391551878992, -3.7307425021049183;40.4391551878992;-3.7307425021049183;https://www.edificacion.upm.es/;Espagnol;3;0;0;0;0;3;0;0;3;0;4;0;0;0;0;4;0;0;4;0;Oui;;;;;;;;ES-ETSI-UPM;ERASMUS
Escuela Tecnica Superior de Ingenieria de Sistemas Informaticos - UPM;Espagne;Calle Alan Turing s/n (Ctra. de  Valencia, Km. 7) 28031 - MADRID;40.390047504191315, -3.6271834113595003;40.390047504191315;-3.6271834113595003;https://www.etsisi.upm.es/;Espagnol;4;0;0;0;0;0;0;4;0;0;4;0;0;0;0;0;0;4;0;0;Oui;;;;;;;;ES-ETSE-UPM;ERASMUS
E.T.S.I. Minas y Energia - UPM;Espagne;C/ Ríos Rosas nº 21. 28003. Madrid;40.44230685490497, -3.699963922460967;40.44230685490497;-3.699963922460967;https://minasyenergia.upm.es/;Espagnol;6;0;0;0;0;6;6;0;6;0;6;0;0;0;0;6;6;0;6;0;Oui;;;;;;;;ES-ETSISI-UPM;ERASMUS
Universidad Rey Juan Carlos;Espagne;P° de los Artilleros, 38 Vicalvaro Madrid;40.40624736486914, -3.6099389862242246;40.40624736486914;-3.6099389862242246;https://www.urjc.es/;Espagnol;5;0;0;0;2;0;3;2;0;0;5;0;0;0;2;0;3;2;0;0;Oui;;;;;;;;ES-ME-UPM;ERASMUS
Universidad Rovira I Virgili;Espagne;Av. Catalunya 35 - Tarragona;41.12312165007951, 1.249467383654384;41.12312165007951;1.249467383654384;https://www.urv.cat/en/;Espagnol, Anglais;6;0;0;0;6;0;0;6;0;0;6;0;0;0;6;0;0;6;0;0;0ui;;catalan;;;;;;ES-URJC;ERASMUS
Universidad de Vigo;Espagne;Campus Universitario 36310 Vigo (Pontevedra);42.16975315152327, -8.68262082663664;42.16975315152327;-8.68262082663664;https://www.uvigo.gal/;Espagnol;2;2;2;2;2;0;0;2;0;2;2;2;2;2;2;0;0;2;0;2;Non;;;;;;;;ES-URIV;ERASMUS
Universidad de Jaen;Espagne;Campus Las Lagunillas s/n. 23071 - Jaén;37.78857244727702, -3.776519428644827;37.78857244727702;-3.776519428644827;https://www.ujaen.es/;Espagnol, Anglais;3;3;0;3;0;0;0;0;0;3;3;3;0;3;;0;0;0;0;3;Oui;;;;;;;;ES-UDV;ERASMUS
Barcelona East School of Engineering (EEBE);Espagne;Campus Diagonal Besòs, Edifici A (EEBE) Av. Eduard Maristany Barcelona;41.414503765766675, 2.2168244219881004;41.414503765766675;2.2168244219881004;https://eebe.upc.edu/en/incoming;Espagnol;0;0;0;0;0;0;0;0;0;0;2;2;2;2;0;0;0;0;0;2;Oui;;catalan;;;;;;ES-UDJ;ERASMUS
Universidad Zaragoza;Espagne;Pedro Cerbuna, 12 - 50009 Zaragoza;41.642208190994836, -0.9007876708354718;41.642208190994836;-0.9007876708354718;https://www.unizar.es/;Espagnol;3;0;0;0;3;0;3;3;0;0;3;0;0;0;3;0;3;3;0;0;Oui;;;;;;;;ES-BESE;ERASMUS
Universidad Publica de Navarra;Espagne;Arrosadia, s/n 31006 Pamplona;42.80085247924615, -1.6360069313427648;42.80085247924615;-1.6360069313427648;https://www.unavarra.es/home;Espagnol;2;2;2;2;0;0;0;0;0;2;2;2;2;2;0;0;0;0;0;2;Oui;;;;;;;;ES-UZ;ERASMUS
Tallinn University of Technology;Estonie;Ehitajate tee 5, 19086 Tallinn;59.39497145523995, 24.672358218307846;59.39497145523995;24.672358218307846;https://taltech.ee/en/;Anglais;4;0;0;0;4;0;0;4;0;0;4;0;0;0;4;0;0;4;0;0;Oui;;;;;;;;ES-UPDN;ERASMUS
Universidad Nacional de Colombia;Colombie;Ave Cra 30 #45-3, Bogotá, Colombie;4.63658606361387, -74.08269315992504;4.63658606361387;-74.08269315992504;https://unal.edu.co/;Espagnol;0;0;0;0;0;0;0;0;0;0;1;1;1;1;1;1;1;1;0;0;Non;;;;;;;;EE-TUOT;ERASMUS
Programme ISEP (Etats-Unis + Australie, Canada, Iles Fidji, Nouvelle-Zélande, Royaume-Uni);Etats-Unis;1655 N. Fort Myer Drive, Suite 400, Arlington, Virginia;38.89409788082234, -77.07102270532255;38.89409788082234;-77.07102270532255;https://www.isepstudyabroad.org/;Anglais;0;0;0;0;0;0;0;0;0;0;3;1;1;1;1;1;1;1;0;0;Oui;;;;;;;;CO-UNDC;Bilateral
Université du Nouveau-Mexique;Etats-Unis;The University of New Mexico, Albuquerque, NM 87131;35.09056091040908, -106.61897007996332;35.09056091040908;-106.61897007996332;https://engineering.unm.edu/;Anglais;0;0;0;0;0;0;0;0;0;0;1;1;1;1;1;1;1;1;0;0;Oui;;;;;;;;US-ISEP;Bilateral
University of Technology Lappeenranta;Finlande;Yliopistonkatu 34 53850 Lappeenranta;61.06508990966881, 28.09514326072114;61.06508990966881;28.09514326072114;https://www.lut.fi/en;Anglais;1;1;0;1;0;1;1;0;1;1;2;2;0;2;0;2;2;0;2;2;Oui;;;;;;;;US-UDNM;Bilateral
International Hellenic University;Grèce;14th km Thessaloniki – N. Moudania - 57001 Thermi, Thessaloniki;40.53727543282043, 23.023301112817055;40.53727543282043;23.023301112817055;https://www.ihu.gr/ucips/;Anglais;0;0;0;0;0;0;0;0;0;0;2;0;0;0;0;2;2;0;0;0;Oui;;;;;;;;FI-UOTL;ERASMUS
Technical University of Crete (TUC);Grèce;University Campus, Akrotiri Chania 73100;35.52941413641445, 24.069378398265737;35.52941413641445;24.069378398265737;https://www.tuc.gr/en/home;Anglais;4;0;0;0;0;0;4;0;0;0;4;0;0;0;0;0;4;0;0;0;Oui;;;;;;;;GR-IHU;ERASMUS
University of West Attica;Grèce;196 Alexandras Avenue, 11521 Athens;38.003639438925006, 23.67463080699918;38.003639438925006;23.67463080699918;https://www.uniwa.gr/en/;Anglais;0;0;0;0;0;0;0;0;0;0;2;0;0;0;0;0;2;0;0;0;Oui;;;;;;;;GR-TUOC;ERASMUS
Universita degli studi di Brescia;Italie;Piazza del Mercato, 15 - 25121 Brescia;45.53801732803812, 10.218176761853472;45.53801732803812;10.218176761853472;https://www.unibs.it/en;Italien, Anglais;5;0;0;0;2;3;3;2;0;0;5;0;0;0;2;3;3;2;3;0;Oui;;;;;;;;GR-UOWA;ERASMUS
Universita degli studi di Modena & Reggio Emilia;Italie;Via Università 4, 41121 Modena;44.645282402916806, 10.928982304145892;44.645282402916806;10.928982304145892;https://www.unimore.it/en;Italien, Anglais;3;1;1;1;2;0;0;0;0;1;5;3;3;3;2;0;0;0;0;3;Oui;13;;;;;;;IT-UDSD;ERASMUS
Universita degli studi di Genova;Italie;Via Balbi 5, 16126 Genova;44.414941023728396, 8.927286969749348;44.414941023728396;8.927286969749348;https://unige.it/en;Italien, Anglais;1;1;0;1;1;1;1;0;1;1;6;6;0;6;6;6;6;0;6;6;Oui;;;;;;;;IT-UDSM;ERASMUS
Universita degli studi di Genova - DD Master Solar;Italie;Via Balbi 5, 16126 Genova;44.414941023728396, 8.927286969749348;44.414941023728396;8.927286969749348;https://unige.it/en;Italien, Anglais;0;0;0;0;0;0;0;0;0;0;6;0;0;0;0;0;0;0;6;0;Oui;;;;;;;;IT-UDSG-03;ERASMUS
Universita degli studi di Genova - DD Master AM;Italie;Via Balbi 5, 16126 Genova;44.414941023728396, 8.927286969749348;44.414941023728396;8.927286969749348;https://unige.it/en;Italien, Anglais;0;0;0;0;0;0;0;0;0;0;5;0;0;0;0;0;0;0;0;5;Oui;;;;;;;;IT-UDSG-ESBC;ERASMUS
Universita degli studi di Trento;Italie;via Calepina, 14 - I-38122 Trento;46.067060711208704, 11.12316274151889;46.067060711208704;11.12316274151889;https://www.unitn.it/en;Italien, Anglais;1;0;0;0;0;0;1;0;0;0;2;0;0;0;0;0;2;0;0;0;Oui;;;;;;;;IT-UDSG-AM;ERASMUS
Universita di Torino;Italie;Via Verdi, 8 - 10124 Turin;45.069789160590226, 7.689802715805008;45.069789160590226;7.689802715805008;https://en.unito.it/;Italien, Anglais;3;0;0;0;0;0;0;3;0;0;3;0;0;0;0;0;0;3;0;0;Oui;;;;;;;;IT-UDST;ERASMUS
Kagawa University;Japon;Saiwaicho 1-1, Takamatsu City,Kagawa Prefecture 760-8521;34.34238674519803, 134.03701203739413;34.34238674519803;134.03701203739413;https://www.kagawa-u.ac.jp/en/;Japonais;1;1;1;1;1;0;0;1;0;0;2;1;1;1;1;0;0;1;0;0;Oui;;;;;;;;IT-UDT;ERASMUS
University of Hyogo;Japon;8-2-1, Gakuennishi-machi, Nishi-ku, Kobe, Hyogo;34.748984042278636, 134.89492517943273;34.748984042278636;134.89492517943273;https://www.u-hyogo.ac.jp/english/;Japonais;1;0;0;0;1;0;0;1;0;0;1;0;0;0;1;0;0;1;0;0;Non;;;;;;;;JP-KU;Bilateral
Ecole Nationale Supérieure des Mines de Rabat (ENSMR);Maroc;Avenue Hadj Ahmed Cherkaoui BP 753 Agdal Rabat;33.998650573587696, -6.855839299931709;33.998650573587696;-6.855839299931709;https://www.enim.ac.ma/;Français;2;1;0;1;0;1;0;0;0;1;2;2;0;2;0;2;0;0;0;2;Oui;;;;;;;;JP-UOH;Bilateral
Ecole Nationale Supérieur des Mines de Rabat (ENSMR) - DD;Maroc;Avenue Hadj Ahmed Cherkaoui BP 753 Agdal Rabat;33.998650573587696, -6.855839299931709;33.998650573587696;-6.855839299931709;https://www.enim.ac.ma/;Français;0;0;0;0;0;0;0;0;0;0;2;2;0;2;0;2;0;0;0;0;Oui;;;;;;;;MA-ENSMR;Bilateral
Université Sultan Moulay Slimane ;Maroc;Mghila, 23000 Béni Mellal;32.33603131032001, -6.368544394429733;32.33603131032001;-6.368544394429733;https://ensabm.usms.ac.ma/;Français;5;0;0;0;5;0;5;5;0;0;5;0;0;0;5;0;5;5;0;0;Oui;;;;;;;;MA-ENSMR-DD;Bilateral
Ecole Nationale des Sciences Appliquées d'El Jadida;Maroc;Route d'Azemmour, Nationale N°1, ELHAOUZIA 5096 El Jadida ;33.25253917094978, -8.432918860056214;33.25253917094978;-8.432918860056214;https://www.ensaj.ucd.ac.ma/;Français;3;0;0;0;0;3;0;3;0;0;3;0;0;0;0;3;0;3;0;0;Oui;;;;;;;;MA-USMS;Bilateral
Instituto Tecnologico de Querétaro;Mexique;Av Tecnologico S/N, centro historico, centro 76000 Santiago de Querétaro;20.59353901925948, -100.40502455607704;20.59353901925948;-100.40502455607704;https://queretaro.tecnm.mx/;Espagnol;3;3;3;3;3;0;0;3;0;3;3;3;3;3;3;0;0;3;0;3;Non;;;;;;;;MX-ITDQ;Bilateral
Universidad Autonoma de Querétaro;Mexique;Universidad 231, cerro de las campanas S/N, las campanas;20.59211691797483, -100.40977551930041;20.59211691797483;-100.40977551930041;https://www.uaq.mx/;Espagnol;3;3;0;3;3;3;0;0;3;0;3;3;0;3;3;3;0;0;3;0;Non;;;;;;;;MX-UADQ;Bilateral
Norges Teknisk-Naturvitenskaplige Universitet (NTNU);Norvège;Postboks 8900, Torgarden, NO-7491 Trondheim;63.846597625515294, 12.026138184936483;63.846597625515294;12.026138184936483;https://www.ntnu.edu/;Anglais;0;0;0;0;0;0;0;0;0;0;4;0;0;0;0;4;4;0;4;0;Oui;;;;;;;;NO-NTNU;ERASMUS
Hoyskolen Kristiania;Norvège;Kirkegata 24-26, 0153 Oslo;59.91129773575105, 10.74554074346866;59.91129773575105;10.74554074346866;https://www.kristiania.no/en/;Anglais;0;0;0;0;0;0;0;0;0;0;2;0;0;0;2;0;0;2;0;0;Oui;;;;;;;;NO-HK;ERASMUS
AGH University of Science and Technology;Pologne;al. Adama Mickiewicza 30 Krakow;50.064633787677714, 19.923865283478815;50.064633787677714;19.923865283478815;https://www.agh.edu.pl/en;Anglais;1;1;1;1;0;0;0;0;0;1;4;4;4;4;0;0;0;0;0;4;Oui;;;;;;;;PL-AUOST;ERASMUS
Universidade De Tras-os-Montes e Alto Douro;Portugal;Quinta de Prados 5000-801 Vila Real;41.28870140323159, -7.7385988340718965;41.28870140323159;-7.7385988340718965;https://www.utad.pt/;portugais;3;3;0;3;3;0;3;3;0;3;3;3;0;3;3;0;3;3;0;3;Non;;;;;;;;PT-UDTMAD;ERASMUS
Politechnico da Guarda;Portugal;Avenida Dr. Francisco Sá Carneiro, n.º 50  6300-559 Guarda;40.53918661829967, -7.2793998210083215;40.53918661829967;-7.2793998210083215;https://politecnicoguarda.pt/en/homepage/;Portugais;5;0;0;0;0;5;0;5;0;0;5;0;0;0;0;5;0;5;0;0;Non;;;;;;;;PT-PDG;ERASMUS
Universidade de Beira Interior;Portugal;R. Marques de Avila e Bolama 6201-001 Covilha;40.27799812013653, -7.508521662944724;40.27799812013653;-7.508521662944724;https://www.ubi.pt/en/;Portugais;4;2;0;2;2;0;0;2;0;0;4;2;0;2;2;0;0;2;0;2;Non;;;;;;;;PT-UDBI;ERASMUS
Technicka Univerzita v Liberci;République Tchèque;Studentská 1402/2 - 461 17 Liberec 1;50.773265508675614, 15.074453776811435;50.773265508675614;15.074453776811435;https://www.tul.cz/en/home-page/;Anglais;3;3;0;3;3;0;0;0;0;3;3;3;0;3;3;0;0;0;0;3;Oui;;;;;;;;CZ-TUVL;ERASMUS
Université Technique Prague;République Tchèque;Jugoslavskych Partyzanu 1508/3 1600 00 Prague 6;50.10335379154138, 14.394783384019235;50.10335379154138;14.394783384019235;https://www.cvut.cz/en;Anglais;0;0;0;0;0;0;0;0;0;0;2;2;2;2;0;0;0;0;0;2;Oui;;;;;;;;CZ-UTP;ERASMUS
Ecole Supérieure d'Ingénieurs Réunion Océan Indien;Réunion;40, avenue de Soweto - BP 373 97455 Saint-Pierre CEDEX;-21.34025572287872, 55.49173322691792;-21.34025572287872;55.49173322691792;https://esiroi.univ-reunion.fr/;Français;0;0;0;0;0;0;0;0;0;0;3;0;0;0;0;3;0;0;0;0;Non;;;;;;;;FR-REU-ESIROI;Bilateral
Universitatea Politehnica din Bucuresti;Roumanie;Splaiul Independenceei no. 313, sector 6, Bucharest, ROMANIA;44.43871361658639, 26.050232786943976;44.43871361658639;26.050232786943976;https://upb.ro/en/;Français, Anglais;4;4;0;4;4;0;0;0;0;4;5;5;0;5;5;0;0;0;0;5;Oui;;;;;;;;RO-UPDB;ERASMUS
Universitatea Tehnica de Constructii Bucuresti;Roumanie;Bd. Lacul Tei nr. 122 - 124, cod 020396, Sector 2, Bucuresti;44.463270057145145, 26.125995226884196;44.463270057145145;26.125995226884196;https://utcb.ro/;Français, Anglais;1;0;0;0;0;1;1;0;1;0;5;0;0;0;0;5;5;0;5;0;Oui;;;;;;;;RO-UTDCB;ERASMUS
Universitatea de Vest din Timisoara;Roumanie;Bd. Vasile Pârvan no. 4, Timișoara, postal code 300223, Timiș county, ;45.747246747654906, 21.232258927474557;45.747246747654906;21.232258927474557;https://www.uvt.ro/en/;Français, Anglais;1;0;0;0;0;0;0;1;0;0;2;0;0;0;0;0;0;2;0;0;Oui;;;;;;;;RO-UDVDT;ERASMUS
Universitatea Babes-Bolyai;Roumanie;68, Avram Iancu Street, RO-400083, Cluj-Napoca, Cluj, Romania;46.767258453043084, 23.59282614285968;46.767258453043084;23.59282614285968;https://cci.ubbcluj.ro/;Français, Anglais;6;0;0;0;6;0;0;6;0;0;6;0;0;0;6;0;0;6;0;0;Oui;;;;;;;;RO-UBB;ERASMUS
Universitatea Transilvania din Brasov;Roumanie;B-dul Eroilor nr. 29, Cod postal 500036, Brașov, România;45.645460778524495, 25.589902086992566;45.645460778524495;25.589902086992566;https://www.unitbv.ro/en/;Français, Anglais;5;5;5;5;5;5;5;5;5;5;5;5;5;5;5;5;5;5;5;5;Oui;;;;;;;;RO-UTDB;ERASMUS
Université Cheikh Anta Diop;Sénégal;Corniche Ouest BP : 5085 Dakar-Fann;14.690802533774088, -17.45886815202742;14.690802533774088;-17.45886815202742;https://esp.sn/;Français;0;0;0;0;0;0;0;0;0;0;0;0;0;0;0;0;0;0;0;0;Oui;;;;;;;;SN-UCAD;Bilateral
Université Gaston Berger;Sénégal;Saint Louis Sénégal;16.061780095250345, -16.421211429699486;16.061780095250345;-16.421211429699486;https://www.ugb.sn/;Français;0;0;0;0;0;0;0;0;0;0;0;0;0;0;0;0;0;0;0;0;Non;;;;;;;;SN-UGB;Bilateral
Slovenska Technicka Univerzita v Bratislave ;Slovaquie;Vazovova 5, 812 43 Bratislava 1, Slovak Republic;48.15472860523709, 17.11787193551589;48.15472860523709;17.11787193551589;https://www.stuba.sk/;Anglais;3;3;0;3;0;0;0;0;0;3;3;3;0;3;0;0;0;0;0;3;Oui;;;;;;;;SK-STUVB;ERASMUS
University of Ljubljana;Slovénie;Aškerčeva cesta 6 1000 Ljubljana;46.047493387222424, 14.498980763220965;46.047493387222424;14.498980763220965;https://www.fs.uni-lj.si/en/;Anglais;3;3;3;3;0;0;0;0;0;3;4;4;4;4;0;0;0;0;0;4;Oui;;;;;;;;SI-UOL;ERASMUS
University of technology Luleå;Suède;97187 Luleå, Sweden;65.61806724311741, 22.140125754097237;65.61806724311741;22.140125754097237;https://www.ltu.se/en;Anglais;1;1;1;0;0;0;1;0;0;0;3;3;3;0;0;0;3;0;0;0;Oui;;;;;;;;SE-UOTL;ERASMUS
Högskolan I Borås;Suède;S-501 90 Borås;57.725248008710054, 12.939822199180371;57.725248008710054;12.939822199180371;https://www.hb.se/en/;Anglais;4;0;0;0;0;0;4;0;0;0;6;0;0;0;0;0;6;0;0;0;Oui;;;;;;;;SE-HB;ERASMUS
Högskolan Dalarna;Suède;Stationsgatan 4, Borlänge;60.485399171117, 15.432667349049495;60.485399171117;15.432667349049495;https://www.du.se/en;Anglais;5;0;0;0;0;5;5;0;0;0;5;0;0;0;0;5;5;0;0;0;Oui;;;;;;;;SE-HD;ERASMUS
BFH Bern University of Applied Sciences;Suisse;Bern Holzikofenweg 8;46.93710713043797, 7.4339897447173175;46.93710713043797;7.4339897447173175;https://www.bfh.ch/ahb/fr/;Anglais, Allemand;0;0;0;0;0;0;0;0;0;0;0;0;0;0;0;0;0;0;0;0;Oui;;;;;;;;CH-BUAS;Bilateral
National United University (NUU);Taiwan;No.1, Lienda, Miaoli 360301, Taiwan;24.546051740998998, 120.8128798807769;24.546051740998998;120.8128798807769;https://www.nuu.edu.tw/index.php?Lang=en;Anglais;3;0;0;0;3;3;0;0;0;0;3;0;0;0;3;3;0;0;0;0;Oui;;;;;;;;TW-NUU;Bilateral
